<?xml version="1.0" encoding="UTF-8"?>
<umbPackage>
	<info>
		<package>
			<name><%= name %></name>
			<version><%= version %></version>
			<license url="<%= licenseUrl %>"><%= license %></license>
			<url><%= url %></url>
			<requirements>
				<major>7</major>
				<minor>3</minor>
				<patch>0</patch>
			</requirements>
		</package>
		<author>
			<name><%= author %></name>
			<website><%= authorUrl %></website>
		</author>
		<readme>
			<![CDATA[<%= readme %>]]>
		</readme>
	</info>
	<files>
		<% files.forEach(function(file) { %>
			<file>
				<guid><%= file.guid %></guid>
				<orgPath><%= file.dir %></orgPath>
				<orgName><%= file.name %></orgName>
			</file>
		<% }); %>
	</files>
</umbPackage>
